,name,city,state,search_string,url,geocode,lat,lon
0,Play It Again Sports,Florence,ALABAMA,"Play It Again Sports, Florence, ALABAMA",https://www.playitagainsports.com/locations/florence-al,"(34.8397368, -87.6396987)",34.8397368,-87.6396987
1,Play It Again Sports,Hoover,ALABAMA,"Play It Again Sports, Hoover, ALABAMA",https://www.playitagainsports.com/locations/hoover-al,"(33.38087290000001, -86.8034361)",33.38087290000001,-86.8034361
2,The Hoarding Marmot,Anchorage,ALASKA,"The Hoarding Marmot, Anchorage, ALASKA",https://hoardingmarmot.com/,"(61.1956185, -149.9070508)",61.1956185,-149.9070508
3,Off-the-Chain Bicycle Co-op,Anchorage,ALASKA,"Off-the-Chain Bicycle Co-op, Anchorage, ALASKA",https://www.offthechainak.org/wordpress/,"(61.1900661, -149.9102673)",61.1900661,-149.9102673
4,Second Wind Sports,Juneau,ALASKA,"Second Wind Sports, Juneau, ALASKA",https://www.secondwindsportsak.com/,"(58.3607309, -134.5700382)",58.3607309,-134.5700382
5,Play It Again Sports,Anchorage x2,ALASKA,"Play It Again Sports, Anchorage x2, ALASKA",https://www.playitagainsports.com/locations/anchorage-ak,"(61.196563, -149.905999)",61.196563,-149.905999
6,Play It Again Sports,Fairbanks,ALASKA,"Play It Again Sports, Fairbanks, ALASKA",https://www.playitagainsports.com/locations/fairbanks-ak,"(64.8475436, -147.7077656)",64.8475436,-147.7077656
7,Play It Again Sports,Wasilla,ALASKA,"Play It Again Sports, Wasilla, ALASKA",https://www.playitagainsports.com/locations/wasilla-ak,"(61.56747960000001, -149.3591386)",61.56747960000001,-149.3591386
8,Snow Mountain River (SMR),Flagstaff,ARIZONA,"Snow Mountain River (SMR), Flagstaff, ARIZONA",https://www.snowmountainriver.com/,"(35.1821151, -111.6608833)",35.1821151,-111.6608833
9,Lower Gear Outdoors,Tempe,ARIZONA,"Lower Gear Outdoors, Tempe, ARIZONA",https://www.lowergear.com/,"(33.4212747, -111.8927433)",33.4212747,-111.8927433
10,Play It Again Sports,Goodyear,ARIZONA,"Play It Again Sports, Goodyear, ARIZONA",https://www.playitagainsports.com/locations/goodyear-az,"(33.460906, -112.3597575)",33.460906,-112.3597575
11,Play It Again Sports,Phoenix,ARIZONA,"Play It Again Sports, Phoenix, ARIZONA",https://www.playitagainsports.com/locations/phoenix-az-greenway,"(33.6246856, -112.0146512)",33.6246856,-112.0146512
12,Play It Again Sports,Tempe,ARIZONA,"Play It Again Sports, Tempe, ARIZONA",https://www.playitagainsports.com/locations/tempe-az,"(33.3357924, -111.9085183)",33.3357924,-111.9085183
13,Play It Again Sports,Tucson x3,ARIZONA,"Play It Again Sports, Tucson x3, ARIZONA",https://www.playitagainsports.com/locations/tucson-az-central,"(32.2359969, -110.8909304)",32.2359969,-110.8909304
14,Play It Again Sports,Fayetteville,ARKANSAS,"Play It Again Sports, Fayetteville, ARKANSAS",https://www.playitagainsports.com/locations/fayetteville-ar,"(36.107838, -94.14593839999999)",36.107838,-94.14593839999999
15,Play It Again Sports,Fort Smith,ARKANSAS,"Play It Again Sports, Fort Smith, ARKANSAS",https://www.playitagainsports.com/locations/fort-smith-ar,"(35.3279865, -94.40361419999999)",35.3279865,-94.40361419999999
16,Play It Again Sports,Jonesboro,ARKANSAS,"Play It Again Sports, Jonesboro, ARKANSAS",https://www.playitagainsports.com/locations/jonesboro-ar,"(35.8204943, -90.67624040000001)",35.8204943,-90.67624040000001
17,Snow Mountain,Auburn,CALIFORNIA,"Snow Mountain, Auburn, CALIFORNIA",https://www.snowmountainrentals.net/,"(38.9046799, -121.066015)",38.9046799,-121.066015
18,Mammoth Gear Exchange﻿,Bishop,CALIFORNIA,"Mammoth Gear Exchange﻿, Bishop, CALIFORNIA",http://mammothgear.com/27/Consignment/,"(37.3613967, -118.3949279)",37.3613967,-118.3949279
19,Alpenglow Gear Co.,Oakhurst,CALIFORNIA,"Alpenglow Gear Co., Oakhurst, CALIFORNIA",https://www.facebook.com/alpenglowgearco/,"(37.3385273, -119.6447854)",37.3385273,-119.6447854
20,Last Minute Gear,San Francisco,CALIFORNIA,"Last Minute Gear, San Francisco, CALIFORNIA",https://www.lastmingear.com/,"(37.7889966, -122.4095205)",37.7889966,-122.4095205
21,Tahoe Used Ski and Snowboard,South Lake Tahoe,CALIFORNIA,"Tahoe Used Ski and Snowboard, South Lake Tahoe, CALIFORNIA",http://www.tahoeusedski.com/,"(38.912689, -120.003522)",38.912689,-120.003522
22,The Back Country,Truckee,CALIFORNIA,"The Back Country, Truckee, CALIFORNIA",https://thebackcountry.net/consignment-and-used-gear/,"(39.3264125, -120.2102677)",39.3264125,-120.2102677
23,Play It Again Sports,Chico,CALIFORNIA,"Play It Again Sports, Chico, CALIFORNIA",https://www.playitagainsports.com/locations/chico-ca,"(39.7255592, -121.8039549)",39.7255592,-121.8039549
24,Play It Again Sports,Concord,CALIFORNIA,"Play It Again Sports, Concord, CALIFORNIA",https://www.playitagainsports.com/locations/concord-ca,"(37.9606865, -122.061294)",37.9606865,-122.061294
25,Play It Again Sports,Dublin,CALIFORNIA,"Play It Again Sports, Dublin, CALIFORNIA",https://www.playitagainsports.com/locations/dublin-ca,"(37.7052198, -121.9172617)",37.7052198,-121.9172617
26,Play It Again Sports,Fair Oaks,CALIFORNIA,"Play It Again Sports, Fair Oaks, CALIFORNIA",https://www.playitagainsports.com/locations/fair-oaks-ca,"(38.6792501, -121.2607589)",38.6792501,-121.2607589
27,Play It Again Sports,Fullerton,CALIFORNIA,"Play It Again Sports, Fullerton, CALIFORNIA",https://www.playitagainsports.com/locations/fullerton-ca,"(33.887236, -117.867888)",33.887236,-117.867888
28,Play It Again Sports,Huntington Beach,CALIFORNIA,"Play It Again Sports, Huntington Beach, CALIFORNIA",https://www.playitagainsports.com/locations/huntington-beach-ca,"(33.69599000000001, -117.9881823)",33.69599000000001,-117.9881823
29,Play It Again Sports,La Mesa,CALIFORNIA,"Play It Again Sports, La Mesa, CALIFORNIA",https://www.playitagainsports.com/locations/la-mesa-ca,"(32.7649102, -117.024374)",32.7649102,-117.024374
30,Play It Again Sports,Los Alamitos,CALIFORNIA,"Play It Again Sports, Los Alamitos, CALIFORNIA",https://www.playitagainsports.com/locations/los-alamitos-ca,"(33.8091312, -118.0716182)",33.8091312,-118.0716182
31,Play It Again Sports,Modesto,CALIFORNIA,"Play It Again Sports, Modesto, CALIFORNIA",https://www.playitagainsports.com/locations/modesto-ca,"(37.679316, -120.9937065)",37.679316,-120.9937065
32,Play It Again Sports,Oceanside,CALIFORNIA,"Play It Again Sports, Oceanside, CALIFORNIA",https://www.playitagainsports.com/locations/oceanside-ca,"(33.1832362, -117.3685028)",33.1832362,-117.3685028
33,Play It Again Sports,Pasadena,CALIFORNIA,"Play It Again Sports, Pasadena, CALIFORNIA",https://www.playitagainsports.com/locations/pasadena-ca,"(34.145957, -118.075089)",34.145957,-118.075089
34,Play It Again Sports,San Diego x2,CALIFORNIA,"Play It Again Sports, San Diego x2, CALIFORNIA",https://www.playitagainsports.com/locations/san-diego-ca-pacific-beach,"(32.7989096, -117.2442403)",32.7989096,-117.2442403
35,Play It Again Sports,Santa Barbara,CALIFORNIA,"Play It Again Sports, Santa Barbara, CALIFORNIA",https://www.playitagainsports.com/locations/santa-barbara-ca,"(34.4369391, -119.7903423)",34.4369391,-119.7903423
36,Play It Again Sports,Santa Maria,CALIFORNIA,"Play It Again Sports, Santa Maria, CALIFORNIA",https://www.playitagainsports.com/locations/santa-maria-ca,"(34.4369391, -119.7903423)",34.4369391,-119.7903423
37,Play It Again Sports,Santa Rosa,CALIFORNIA,"Play It Again Sports, Santa Rosa, CALIFORNIA",https://www.playitagainsports.com/locations/santa-rosa-ca,"(38.4199748, -122.7139433)",38.4199748,-122.7139433
38,Play It Again Sports,Sherman Oaks,CALIFORNIA,"Play It Again Sports, Sherman Oaks, CALIFORNIA",https://www.playitagainsports.com/locations/sherman-oaks-ca,"(34.176753, -118.465595)",34.176753,-118.465595
39,Play It Again Sports,Simi Valley,CALIFORNIA,"Play It Again Sports, Simi Valley, CALIFORNIA",https://www.playitagainsports.com/locations/simi-valley-ca,"(34.2781352, -118.7397693)",34.2781352,-118.7397693
40,Play It Again Sports,Soquel,CALIFORNIA,"Play It Again Sports, Soquel, CALIFORNIA",https://www.playitagainsports.com/locations/soquel-ca,"(36.9883628, -121.9559676)",36.9883628,-121.9559676
41,Play It Again Sports,Stockton,CALIFORNIA,"Play It Again Sports, Stockton, CALIFORNIA",https://www.playitagainsports.com/locations/stockton-ca,"(38.010586, -121.32146)",38.010586,-121.32146
42,Play It Again Sports,Torrance,CALIFORNIA,"Play It Again Sports, Torrance, CALIFORNIA",https://www.playitagainsports.com/locations/torrance-ca,"(33.8577773, -118.3633532)",33.8577773,-118.3633532
43,Play It Again Sports,Ventura,CALIFORNIA,"Play It Again Sports, Ventura, CALIFORNIA",https://www.playitagainsports.com/locations/ventura-ca,"(34.2602757, -119.2354667)",34.2602757,-119.2354667
44,Replay Sports,Aspen,COLORADO,"Replay Sports, Aspen, COLORADO",https://www.facebook.com/replaysportsaspen/,"(39.193813, -106.818444)",39.193813,-106.818444
45,Transition Sports,Avon,COLORADO,"Transition Sports, Avon, COLORADO",https://transition-sports.com/,"(39.6322222, -106.5180556)",39.6322222,-106.5180556
46,Boulder Sports Recycler Inc.,Boulder,COLORADO,"Boulder Sports Recycler Inc., Boulder, COLORADO",http://bouldersportsrecycler.com/,"(40.0648113, -105.2836267)",40.0648113,-105.2836267
47,Summit Thrift & Treasure,Breckenridge,COLORADO,"Summit Thrift & Treasure, Breckenridge, COLORADO",https://summitthrift.org/,"(39.50677779999999, -106.0521528)",39.50677779999999,-106.0521528
48,Summit Thrift & Treasure,Dillon,COLORADO,"Summit Thrift & Treasure, Dillon, COLORADO",https://summitthrift.org/,"(39.6275973, -106.0449511)",39.6275973,-106.0449511
49,Ragged Mountain Sports,Carbondale,COLORADO,"Ragged Mountain Sports, Carbondale, COLORADO",https://www.raggedmountainsports.com/,"(39.4042681, -107.2198156)",39.4042681,-107.2198156
50,Gearonimo Sports,Colorado Springs,COLORADO,"Gearonimo Sports, Colorado Springs, COLORADO",https://gearonimosports.com/,"(38.8139837, -104.8404779)",38.8139837,-104.8404779
51,Mountain Equipment Recyclers,Colorado Springs,COLORADO,"Mountain Equipment Recyclers, Colorado Springs, COLORADO",https://www.merecyclers.com/,"(38.8414039, -104.8632736)",38.8414039,-104.8632736
52,High Desert Life Outdoors & Exchange,Cortez,COLORADO,"High Desert Life Outdoors & Exchange, Cortez, COLORADO",https://highdesertoutdoors.life/,"(37.3487634, -108.5859535)",37.3487634,-108.5859535
53,FERAL,Denver,COLORADO,"FERAL, Denver, COLORADO",https://feralmountainco.com/the-store/,"(39.7716472, -105.0437096)",39.7716472,-105.0437096
54,FERAL,Idaho Springs,COLORADO,"FERAL, Idaho Springs, COLORADO",https://feralmountainco.com/the-idaho-springs-store/,"(39.742228, -105.515317)",39.742228,-105.515317
55,Outdoors Geek,Denver,COLORADO,"Outdoors Geek, Denver, COLORADO",https://www.outdoorsgeek.com/product-category/buy-now-used/,"(39.7742268, -104.9875537)",39.7742268,-104.9875537
56,Sports Plus,Denver,COLORADO,"Sports Plus, Denver, COLORADO",https://sportsplusdenver.com/,"(39.6974384, -104.9619385)",39.6974384,-104.9619385
57,Wilderness Exchange Unlimited,Denver,COLORADO,"Wilderness Exchange Unlimited, Denver, COLORADO",https://bit.ly/31zytwB,"(39.7566856, -105.0093137)",39.7566856,-105.0093137
58,Dunn Deal Resale,Durango,COLORADO,"Dunn Deal Resale, Durango, COLORADO",https://www.dunndeal.org/used-outdoor-gear-2/,"(37.2993917, -107.8718398)",37.2993917,-107.8718398
59,Durango Outdoor Exchange,Durango,COLORADO,"Durango Outdoor Exchange, Durango, COLORADO",https://durangooutdoorexchange.com/pages/sell-your-gear,"(37.3057229, -107.8669784)",37.3057229,-107.8669784
60,The Gearage,Fort Collins,COLORADO,"The Gearage, Fort Collins, COLORADO",http://gearageoutdoorsports.com/,"(40.5860651, -105.075241)",40.5860651,-105.075241
61,Recycle Sports,Frisco,COLORADO,"Recycle Sports, Frisco, COLORADO",https://recyclesportsfrisco.com/,"(39.58327500000001, -106.093287)",39.58327500000001,-106.093287
62,The Gear Junction,Grand Junction,COLORADO,"The Gear Junction, Grand Junction, COLORADO",http://www.thegearjunction.com/,"(39.0670411, -108.5634193)",39.0670411,-108.5634193
63,All Sports Replay,Gunnison,COLORADO,"All Sports Replay, Gunnison, COLORADO",https://www.asrgunnison.com/,"(38.5464892, -106.9276256)",38.5464892,-106.9276256
64,Angles Sports Exchange,Longmont,COLORADO,"Angles Sports Exchange, Longmont, COLORADO",http://www.anglessportsexchange.com/,"(40.1669952, -105.1028958)",40.1669952,-105.1028958
65,970 Sports Rewind,Montrose,COLORADO,"970 Sports Rewind, Montrose, COLORADO",https://www.970sportsrewind.com/,"(38.4280863, -107.8614644)",38.4280863,-107.8614644
66,ReSport,Pagosa Springs,COLORADO,"ReSport, Pagosa Springs, COLORADO",https://www.facebook.com/ReSport-106873630204/?sk=page_map,"(37.2556437, -107.0766878)",37.2556437,-107.0766878
67,Colorado Sports Recycler,Salida,COLORADO,"Colorado Sports Recycler, Salida, COLORADO",https://www.coloradosportsrecycler.com/,"(38.5243453, -105.9907136)",38.5243453,-105.9907136
68,The Outdoorsman’s Attic,Sheridan,COLORADO,"The Outdoorsman’s Attic, Sheridan, COLORADO",https://www.facebook.com/theoutdoorsmansattic/,"(39.65305559999999, -105.0188889)",39.65305559999999,-105.0188889
69,Winter Park Trading Co.,Winter Park,COLORADO,"Winter Park Trading Co., Winter Park, COLORADO",https://www.winterparktradingco.com/,"(39.9181451, -105.7847528)",39.9181451,-105.7847528
70,Colorado GearLab,Woodland Park,COLORADO,"Colorado GearLab, Woodland Park, COLORADO",https://coloradogearlab.com/,"(38.9945791, -105.0537872)",38.9945791,-105.0537872
71,Play It Again Sports,Arvada,COLORADO,"Play It Again Sports, Arvada, COLORADO",https://www.playitagainsports.com/locations/arvada-co,"(39.8559077, -105.0777984)",39.8559077,-105.0777984
72,Play It Again Sports,Aurora,COLORADO,"Play It Again Sports, Aurora, COLORADO",https://www.playitagainsports.com/locations/aurora-co,"(39.6539581, -104.7685848)",39.6539581,-104.7685848
73,Play It Again Sports,Boulder,COLORADO,"Play It Again Sports, Boulder, COLORADO",https://www.playitagainsports.com/locations/boulder-co,"(39.983433, -105.249844)",39.983433,-105.249844
74,Play It Again Sports,Castle Rock,COLORADO,"Play It Again Sports, Castle Rock, COLORADO",https://www.playitagainsports.com/locations/boulder-co,"(39.3781852, -104.8596878)",39.3781852,-104.8596878
75,Play It Again Sports,Colorado Springs x2,COLORADO,"Play It Again Sports, Colorado Springs x2, COLORADO",https://www.playitagainsports.com/locations/colorado-springs-north,"(38.9046444, -104.7797972)",38.9046444,-104.7797972
76,Play It Again Sports,Lakewood,COLORADO,"Play It Again Sports, Lakewood, COLORADO",https://www.playitagainsports.com/locations/lakewood-co,"(39.6991628, -105.1455944)",39.6991628,-105.1455944
77,Play It Again Sports,Longmont,COLORADO,"Play It Again Sports, Longmont, COLORADO",https://www.playitagainsports.com/locations/longmont-co,"(40.1479418, -105.131998)",40.1479418,-105.131998
78,Play It Again Sports,Southington,CONNECTICUT,"Play It Again Sports, Southington, CONNECTICUT",https://www.playitagainsports.com/locations/southington-ct,"(41.6359267, -72.8726477)",41.6359267,-72.8726477
79,Play It Again Sports,West Hartford,CONNECTICUT,"Play It Again Sports, West Hartford, CONNECTICUT",https://www.playitagainsports.com/locations/west-hartford-ct,"(41.7608991, -72.74250959999999)",41.7608991,-72.74250959999999
80,Play It Again Sports,Altamonte Springs,FLORIDA,"Play It Again Sports, Altamonte Springs, FLORIDA",https://www.playitagainsports.com/locations/altamonte-springs-fl,"(28.6816, -81.4195453)",28.6816,-81.4195453
81,Play It Again Sports,Bradenton,FLORIDA,"Play It Again Sports, Bradenton, FLORIDA",https://www.playitagainsports.com/locations/bradenton-fl,"(27.3394948, -82.46192289999999)",27.3394948,-82.46192289999999
82,Play It Again Sports,Brandon,FLORIDA,"Play It Again Sports, Brandon, FLORIDA",https://www.playitagainsports.com/locations/brandon-fl,"(27.9247943, -82.2954108)",27.9247943,-82.2954108
83,Play It Again Sports,Ft. Myers,FLORIDA,"Play It Again Sports, Ft. Myers, FLORIDA",https://www.playitagainsports.com/locations/ft-myers-fl,"(26.5707853, -81.8725539)",26.5707853,-81.8725539
84,Play It Again Sports,Gainesville,FLORIDA,"Play It Again Sports, Gainesville, FLORIDA",https://www.playitagainsports.com/locations/gainesville-fl,"(29.6510578, -82.3732775)",29.6510578,-82.3732775
85,Play It Again Sports,Lakeland,FLORIDA,"Play It Again Sports, Lakeland, FLORIDA",https://www.playitagainsports.com/locations/lakeland-fl,"(28.0173944, -81.9573667)",28.0173944,-81.9573667
86,Play It Again Sports,Leesburg,FLORIDA,"Play It Again Sports, Leesburg, FLORIDA",https://www.playitagainsports.com/locations/leesburg-fl,"(28.8238323, -81.7818611)",28.8238323,-81.7818611
87,Play It Again Sports,Melbourne,FLORIDA,"Play It Again Sports, Melbourne, FLORIDA",https://www.playitagainsports.com/locations/melbourne-fl,"(28.0782669, -80.6634909)",28.0782669,-80.6634909
88,Play It Again Sports,Ocala,FLORIDA,"Play It Again Sports, Ocala, FLORIDA",https://www.playitagainsports.com/locations/ocala-fl,"(29.1878165, -82.1134697)",29.1878165,-82.1134697
89,Play It Again Sports,Palm Harbor,FLORIDA,"Play It Again Sports, Palm Harbor, FLORIDA",https://www.playitagainsports.com/locations/palm-harbor-fl,"(28.092128, -82.738033)",28.092128,-82.738033
90,Play It Again Sports,Sarasota,FLORIDA,"Play It Again Sports, Sarasota, FLORIDA",https://www.playitagainsports.com/locations/sarasota-fl,"(27.3394948, -82.46192289999999)",27.3394948,-82.46192289999999
91,Play It Again Sports,St. Petersburg,FLORIDA,"Play It Again Sports, St. Petersburg, FLORIDA",https://www.playitagainsports.com/locations/st-petersburg-fl,"(27.807167, -82.7514971)",27.807167,-82.7514971
92,Play It Again Sports,Stuart,FLORIDA,"Play It Again Sports, Stuart, FLORIDA",https://www.playitagainsports.com/locations/stuart-fl,"(27.1639079, -80.22507619999999)",27.1639079,-80.22507619999999
93,Play It Again Sports,Tallahassee,FLORIDA,"Play It Again Sports, Tallahassee, FLORIDA",https://www.playitagainsports.com/locations/tallahassee-fl,"(30.495332, -84.2449042)",30.495332,-84.2449042
94,Play It Again Sports,Tampa x2,FLORIDA,"Play It Again Sports, Tampa x2, FLORIDA",https://www.playitagainsports.com/locations/tampa-fl-south,"(27.9057428, -82.50380150000001)",27.9057428,-82.50380150000001
95,Play It Again Sports,Vero Beach,FLORIDA,"Play It Again Sports, Vero Beach, FLORIDA",https://www.playitagainsports.com/locations/vero-beach-fl,"(27.6409838, -80.45396649999999)",27.6409838,-80.45396649999999
96,Play It Again Sports,Wesley Chapel,FLORIDA,"Play It Again Sports, Wesley Chapel, FLORIDA",https://www.playitagainsports.com/locations/wesley-chapel-fl,"(28.1823625, -82.35252960000001)",28.1823625,-82.35252960000001
97,Play It Again Sports,Winter Springs,FLORIDA,"Play It Again Sports, Winter Springs, FLORIDA",https://www.playitagainsports.com/locations/winter-springs-fl,"(28.6455498, -81.26457359999999)",28.6455498,-81.26457359999999
98,Play It Again Sports,Atlanta,GEORGIA,"Play It Again Sports, Atlanta, GEORGIA",https://www.playitagainsports.com/locations/atlanta-ga-buckhead,"(33.8608434, -84.3818517)",33.8608434,-84.3818517
99,Play It Again Sports,Austell,GEORGIA,"Play It Again Sports, Austell, GEORGIA",https://www.playitagainsports.com/locations/austell-ga,"(33.8554845, -84.5826486)",33.8554845,-84.5826486
100,Play It Again Sports,Buford,GEORGIA,"Play It Again Sports, Buford, GEORGIA",https://www.playitagainsports.com/locations/buford-ga,"(34.0681677, -83.9805868)",34.0681677,-83.9805868
101,Play It Again Sports,Cartersville,GEORGIA,"Play It Again Sports, Cartersville, GEORGIA",https://www.playitagainsports.com/locations/cartersville-ga,"(34.17414, -84.783048)",34.17414,-84.783048
102,Play It Again Sports,Decatur,GEORGIA,"Play It Again Sports, Decatur, GEORGIA",https://www.playitagainsports.com/locations/decatur-ga,"(33.7907769, -84.3051923)",33.7907769,-84.3051923
103,Play It Again Sports,Fayetteville,GEORGIA,"Play It Again Sports, Fayetteville, GEORGIA",https://www.playitagainsports.com/locations/fayetteville-ga,"(33.4566385, -84.4533218)",33.4566385,-84.4533218
104,Play It Again Sports,Kennesaw,GEORGIA,"Play It Again Sports, Kennesaw, GEORGIA",https://www.playitagainsports.com/locations/kennesaw-ga,"(34.0095758, -84.5757861)",34.0095758,-84.5757861
105,Play It Again Sports,Roswell,GEORGIA,"Play It Again Sports, Roswell, GEORGIA",https://www.playitagainsports.com/locations/roswell-ga,"(34.0421787, -84.33439260000002)",34.0421787,-84.33439260000002
106,Play It Again Sports,Snellville,GEORGIA,"Play It Again Sports, Snellville, GEORGIA",https://www.playitagainsports.com/locations/snellville-ga,"(33.7907769, -84.3051923)",33.7907769,-84.3051923
107,Outdoor Trader,Flowery Branch,GEORGIA,"Outdoor Trader, Flowery Branch, GEORGIA",https://www.facebook.com/pages/category/Shopping---Retail/Outdoor-Trader-152084232144255/,"(34.5976086, -83.7637073)",34.5976086,-83.7637073
108,Outdoor Trader,GA,GEORGIA,"Outdoor Trader, GA, GEORGIA",https://www.facebook.com/pages/category/Shopping---Retail/Outdoor-Trader-152084232144255/,"(34.9190385, -85.122478)",34.9190385,-85.122478
109,McCall Sports Exchange,McCall,IDAHO,"McCall Sports Exchange, McCall, IDAHO",http://www.mccallsports.com/,"(44.90905129999999, -116.0978217)",44.90905129999999,-116.0978217
110,Victor Outdoor Seconds,Victor,IDAHO,"Victor Outdoor Seconds, Victor, IDAHO",https://www.facebook.com/pages/category/Outdoor-Equipment-Store/Victor-Outdoor-Seconds-459248724148148/,"(43.603181, -111.1110197)",43.603181,-111.1110197
111,Magic Valley Gear Exchange,Twin Falls,IDAHO,"Magic Valley Gear Exchange, Twin Falls, IDAHO",https://www.mvgearexchange.com/,"(42.5538185, -114.4657711)",42.5538185,-114.4657711
112,Boise Gear Collective,Boise,IDAHO,"Boise Gear Collective, Boise, IDAHO",https://www.boisegearcollective.com/,"(43.6110614, -116.2068279)",43.6110614,-116.2068279
113,Outdoor Exchange,Boise,IDAHO,"Outdoor Exchange, Boise, IDAHO",https://www.outdoor-exchange.com/,"(43.6183889, -116.2119497)",43.6183889,-116.2119497
114,Score Outdoors,Boise,IDAHO,"Score Outdoors, Boise, IDAHO",https://www.score-outdoors.com/,"(43.6201482, -116.3118764)",43.6201482,-116.3118764
115,Athletic Attic,Boise,IDAHO,"Athletic Attic, Boise, IDAHO",https://www.athleticatticboise.com/,"(43.5811819, -116.1743283)",43.5811819,-116.1743283
116,White Pine Outfitters,Moscow,IDAHO,"White Pine Outfitters, Moscow, IDAHO",https://www.whitepine-outfitters.com/,"(46.73307140000001, -117.0022736)",46.73307140000001,-117.0022736
117,Play It Again Sports,,IDAHO,"Play It Again Sports, , IDAHO",https://www.playitagainsports.com/locations/boise-id,"(43.6200689, -116.2763515)",43.6200689,-116.2763515
118,Play It Again Sports,Boise,IDAHO,"Play It Again Sports, Boise, IDAHO",https://www.playitagainsports.com/locations/boise-id,"(43.6200689, -116.2763515)",43.6200689,-116.2763515
119,Play It Again Sports,Idaho Falls,IDAHO,"Play It Again Sports, Idaho Falls, IDAHO",https://www.playitagainsports.com/locations/idaho-falls-id,"(43.4926162, -111.9984081)",43.4926162,-111.9984081
120,Play It Again Sports,Nampa,IDAHO,"Play It Again Sports, Nampa, IDAHO",https://www.playitagainsports.com/locations/nampa-id,"(43.6094207, -116.6096628)",43.6094207,-116.6096628
121,Play It Again Sports,Crystal Lake,ILLINOIS,"Play It Again Sports, Crystal Lake, ILLINOIS",https://www.playitagainsports.com/locations/crystal-lake-il,"(42.228398, -88.3169549)",42.228398,-88.3169549
122,Play It Again Sports,Decatur,ILLINOIS,"Play It Again Sports, Decatur, ILLINOIS",https://www.playitagainsports.com/locations/decatur-il,"(39.8775127, -88.95256250000001)",39.8775127,-88.95256250000001
123,Play It Again Sports,Evanston,ILLINOIS,"Play It Again Sports, Evanston, ILLINOIS",https://www.playitagainsports.com/locations/evanston-il,"(42.0388177, -87.69958729999999)",42.0388177,-87.69958729999999
124,Play It Again Sports,Naperville,ILLINOIS,"Play It Again Sports, Naperville, ILLINOIS",https://www.playitagainsports.com/locations/naperville-il,"(41.7490611, -88.1646222)",41.7490611,-88.1646222
125,Play It Again Sports,Northbrook,ILLINOIS,"Play It Again Sports, Northbrook, ILLINOIS",https://www.playitagainsports.com/locations/northbrook-il,"(42.1451119, -87.8280729)",42.1451119,-87.8280729
126,Play It Again Sports,Oak Lawn,ILLINOIS,"Play It Again Sports, Oak Lawn, ILLINOIS",https://www.playitagainsports.com/locations/oak-lawn-il,"(41.7199554, -87.76069869999999)",41.7199554,-87.76069869999999
127,Play It Again Sports,O’Fallon,ILLINOIS,"Play It Again Sports, O’Fallon, ILLINOIS",https://www.playitagainsports.com/locations/ofallon-il,"(38.5919912, -89.9647)",38.5919912,-89.9647
128,Play It Again Sports,Oswego,ILLINOIS,"Play It Again Sports, Oswego, ILLINOIS",https://www.playitagainsports.com/locations/oswego-il,"(41.6974336, -88.3146749)",41.6974336,-88.3146749
129,Play It Again Sports,Palatine,ILLINOIS,"Play It Again Sports, Palatine, ILLINOIS",https://www.playitagainsports.com/locations/palatine-il,"(42.1179234, -88.0356604)",42.1179234,-88.0356604
130,Play It Again Sports,Schaumberg,ILLINOIS,"Play It Again Sports, Schaumberg, ILLINOIS",https://www.playitagainsports.com/locations/Schaumburg-il,"(42.0068668, -88.07832409999999)",42.0068668,-88.07832409999999
131,Play It Again Sports,St. Charles,ILLINOIS,"Play It Again Sports, St. Charles, ILLINOIS",https://www.playitagainsports.com/locations/st-charles-il,"(41.9139138, -88.338848)",41.9139138,-88.338848
132,Play It Again Sports,Villa Park,ILLINOIS,"Play It Again Sports, Villa Park, ILLINOIS",https://www.playitagainsports.com/locations/villa-park-il,"(41.9053559, -87.96922839999999)",41.9053559,-87.96922839999999
133,Play It Again Sports,Westmont,ILLINOIS,"Play It Again Sports, Westmont, ILLINOIS",https://www.playitagainsports.com/locations/westmont-il,"(41.8095223, -87.9839035)",41.8095223,-87.9839035
134,Play It Again Sports,Wrigleyville,ILLINOIS,"Play It Again Sports, Wrigleyville, ILLINOIS",https://www.playitagainsports.com/locations/chicago-il-wrigleyville,"(41.9536428, -87.6687697)",41.9536428,-87.6687697
135,Play It Again Sports,Carmel,INDIANA,"Play It Again Sports, Carmel, INDIANA",https://www.playitagainsports.com/locations/carmel-in,"(39.9579009, -86.11564059999999)",39.9579009,-86.11564059999999
136,Play It Again Sports,Elkhart,INDIANA,"Play It Again Sports, Elkhart, INDIANA",https://www.playitagainsports.com/locations/elkhart-in,"(41.6456049, -85.93439269999999)",41.6456049,-85.93439269999999
137,Play It Again Sports,Evansville,INDIANA,"Play It Again Sports, Evansville, INDIANA",https://www.playitagainsports.com/locations/evansville-in,"(37.9872647, -87.4770368)",37.9872647,-87.4770368
138,Play It Again Sports,Fishers,INDIANA,"Play It Again Sports, Fishers, INDIANA",https://www.playitagainsports.com/locations/fishers-in,"(39.9586994, -85.9167511)",39.9586994,-85.9167511
139,Play It Again Sports,Indianapolis,INDIANA,"Play It Again Sports, Indianapolis, INDIANA",https://www.playitagainsports.com/locations/indianapolis-in-south,"(39.6359208, -86.15774189999999)",39.6359208,-86.15774189999999
140,Play It Again Sports,Cedar Rapids,IOWA,"Play It Again Sports, Cedar Rapids, IOWA",https://www.playitagainsports.com/locations/cedar-rapids-ia,"(42.01562740000001, -91.63324550000002)",42.01562740000001,-91.63324550000002
141,Play It Again Sports,Clive,IOWA,"Play It Again Sports, Clive, IOWA",https://www.playitagainsports.com/locations/clive-ia,"(41.6107985, -93.7541749)",41.6107985,-93.7541749
142,Play It Again Sports,Iowa City,IOWA,"Play It Again Sports, Iowa City, IOWA",https://www.playitagainsports.com/locations/iowa-city-ia,"(41.6425644, -91.5057667)",41.6425644,-91.5057667
143,Play It Again Sports,Overland Park,KANSAS,"Play It Again Sports, Overland Park, KANSAS",https://www.playitagainsports.com/locations/overland-park-ks,"(38.8824675, -94.6707156)",38.8824675,-94.6707156
144,Play It Again Sports,Wichita,KANSAS,"Play It Again Sports, Wichita, KANSAS",https://www.playitagainsports.com/locations/wichita-ks,"(37.692957, -97.4461917)",37.692957,-97.4461917
145,Boone Gap Outfitters,Berea,KENTUCKY,"Boone Gap Outfitters, Berea, KENTUCKY",https://www.boonegap.com/,"(37.5489711, -84.310327)",37.5489711,-84.310327
146,Play It Again Sports,Florence,KENTUCKY,"Play It Again Sports, Florence, KENTUCKY",https://www.playitagainsports.com/locations/florence-ky,"(38.9779154, -84.6558502)",38.9779154,-84.6558502
147,Play It Again Sports,Louisville x2,KENTUCKY,"Play It Again Sports, Louisville x2, KENTUCKY",https://www.playitagainsports.com/locations/louisville-ky-okolona,"(38.1369116, -85.6836517)",38.1369116,-85.6836517
148,Sportsman's Paradise Consignment,West Monroe,LOUISIANA,"Sportsman's Paradise Consignment, West Monroe, LOUISIANA",https://www.sportsmansparadiseconsignment.com/,"(32.5260426, -92.1228519)",32.5260426,-92.1228519
149,Play It Again Sports,Shreveport,LOUISIANA,"Play It Again Sports, Shreveport, LOUISIANA",https://www.playitagainsports.com/locations/shreveport-la,"(32.444001, -93.70969269999999)",32.444001,-93.70969269999999
150,Woods + Waters Gear Exchange,Brunswick,MAINE,"Woods + Waters Gear Exchange, Brunswick, MAINE",https://wwgearexchange.com/,"(43.9144801, -69.9662851)",43.9144801,-69.9662851
151,GearME,Freeport,MAINE,"GearME, Freeport, MAINE",https://www.gearmeoutdoors.com/,"(43.8362341, -70.1251324)",43.8362341,-70.1251324
152,Portland Gear Hub,Portland,MAINE,"Portland Gear Hub, Portland, MAINE",https://portlandgearhub.org/bike-shop-gear-hub/consignment/,"(43.6685474, -70.25333909999999)",43.6685474,-70.25333909999999
153,Play It Again Sports,Auburn,MAINE,"Play It Again Sports, Auburn, MAINE",https://www.playitagainsports.com/locations/auburn-me,"(44.1112512, -70.22535959999999)",44.1112512,-70.22535959999999
154,Play It Again Sports,Biddeford,MAINE,"Play It Again Sports, Biddeford, MAINE",https://www.playitagainsports.com/locations/biddeford-me,"(43.4794856, -70.486593)",43.4794856,-70.486593
155,Play It Again Sports,Portland,MAINE,"Play It Again Sports, Portland, MAINE",https://www.playitagainsports.com/locations/portland-me,"(43.6675535, -70.25797419999999)",43.6675535,-70.25797419999999
156,Play It Again Sports,Baltimore,MARYLAND,"Play It Again Sports, Baltimore, MARYLAND",https://www.playitagainsports.com/locations/baltimore-md,"(39.3743696, -76.5098136)",39.3743696,-76.5098136
157,Play It Again Sports,Ellicott City,MARYLAND,"Play It Again Sports, Ellicott City, MARYLAND",https://www.playitagainsports.com/locations/ellicott-city-md,"(39.2781728, -76.8268326)",39.2781728,-76.8268326
158,Play It Again Sports,Frederick,MARYLAND,"Play It Again Sports, Frederick, MARYLAND",https://www.playitagainsports.com/locations/frederick-md,"(39.39418269999999, -77.40840279999999)",39.39418269999999,-77.40840279999999
159,Play It Again Sports,Westminster,MARYLAND,"Play It Again Sports, Westminster, MARYLAND",https://www.playitagainsports.com/locations/westminster-md,"(39.564879, -76.9789704)",39.564879,-76.9789704
160,Play It Again Sports,Deaham,MASSACHUSETTS,"Play It Again Sports, Deaham, MASSACHUSETTS",https://www.playitagainsports.com/locations/dedham-ma,"(42.2402895, -71.17900089999999)",42.2402895,-71.17900089999999
161,Play It Again Sports,Leominster,MASSACHUSETTS,"Play It Again Sports, Leominster, MASSACHUSETTS",https://www.playitagainsports.com/locations/leominster-ma,"(42.5573853, -71.7725791)",42.5573853,-71.7725791
162,Play It Again Sports,North Reading,MASSACHUSETTS,"Play It Again Sports, North Reading, MASSACHUSETTS",https://www.playitagainsports.com/locations/north-reading-ma,"(42.5880123, -71.115247)",42.5880123,-71.115247
163,Play It Again Sports,Stoneham,MASSACHUSETTS,"Play It Again Sports, Stoneham, MASSACHUSETTS",https://www.playitagainsports.com/locations/stoneham-ma,"(42.4807811, -71.10818370000001)",42.4807811,-71.10818370000001
164,Play It Again Sports,Waltham,MASSACHUSETTS,"Play It Again Sports, Waltham, MASSACHUSETTS",https://www.playitagainsports.com/locations/waltham-ma,"(42.3688394, -71.220182)",42.3688394,-71.220182
165,Switchback Gear Exchange,Grand Rapids,MICHIGAN,"Switchback Gear Exchange, Grand Rapids, MICHIGAN",https://goswitchback.com/,"(43.0023121, -85.65374039999999)",43.0023121,-85.65374039999999
166,Play It Again Sports,Ann Arbor,MICHIGAN,"Play It Again Sports, Ann Arbor, MICHIGAN",https://www.playitagainsports.com/locations/ann-arbor-mi,"(42.2786937, -83.78183949999999)",42.2786937,-83.78183949999999
167,Play It Again Sports,Canton,MICHIGAN,"Play It Again Sports, Canton, MICHIGAN",https://www.playitagainsports.com/locations/canton-mi,"(42.32177850000001, -83.45736110000001)",42.32177850000001,-83.45736110000001
168,Play It Again Sports,Chesterfield,MICHIGAN,"Play It Again Sports, Chesterfield, MICHIGAN",https://www.playitagainsports.com/locations/chesterfield-mi,"(42.6720962, -82.83644869999999)",42.6720962,-82.83644869999999
169,Play It Again Sports,Clawson,MICHIGAN,"Play It Again Sports, Clawson, MICHIGAN",https://www.playitagainsports.com/locations/clawson-mi,"(42.5321144, -83.163264)",42.5321144,-83.163264
170,Play It Again Sports,Flint,MICHIGAN,"Play It Again Sports, Flint, MICHIGAN",https://www.playitagainsports.com/locations/flint-mi,"(42.9810075, -83.76022280000001)",42.9810075,-83.76022280000001
171,Play It Again Sports,Grand Rapids x2,MICHIGAN,"Play It Again Sports, Grand Rapids x2, MICHIGAN",https://www.playitagainsports.com/locations/grand-rapids-mi-comstock-park,"(43.027541, -85.68835299999999)",43.027541,-85.68835299999999
172,Play It Again Sports,Novi,MICHIGAN,"Play It Again Sports, Novi, MICHIGAN",https://www.playitagainsports.com/locations/novi-mi,"(42.4796197, -83.4762743)",42.4796197,-83.4762743
173,Play It Again Sports,Roseville,MICHIGAN,"Play It Again Sports, Roseville, MICHIGAN",https://www.playitagainsports.com/locations/roseville-mi,"(42.4910263, -82.9416123)",42.4910263,-82.9416123
174,Play It Again Sports,Southgate,MICHIGAN,"Play It Again Sports, Southgate, MICHIGAN",https://www.playitagainsports.com/locations/southgate-mi,"(42.1983335, -83.2239354)",42.1983335,-83.2239354
175,Play It Again Sports,Traverse City,MICHIGAN,"Play It Again Sports, Traverse City, MICHIGAN",https://www.playitagainsports.com/locations/traverse-city-mi,"(44.7329478, -85.60052999999999)",44.7329478,-85.60052999999999
176,Great Lakes Gear Exchange,Duluth,MINNESOTA,"Great Lakes Gear Exchange, Duluth, MINNESOTA",https://www.greatlakesgearexchange.com/,"(46.79467880000001, -92.0957782)",46.79467880000001,-92.0957782
177,Repair Lair,Minneapolis,MINNESOTA,"Repair Lair, Minneapolis, MINNESOTA",https://www.repairlair.com/,"(44.9486047, -93.2239275)",44.9486047,-93.2239275
178,Thrifty Outfitters,Minneapolis,MINNESOTA,"Thrifty Outfitters, Minneapolis, MINNESOTA",https://www.midwestmtn.com/merchandise/thrifty-outfitters/,"(44.97067999999999, -93.24688300000001)",44.97067999999999,-93.24688300000001
179,Play It Again Sports,Blaine,MINNESOTA,"Play It Again Sports, Blaine, MINNESOTA",https://www.playitagainsports.com/locations/blaine-mn,"(45.154508, -93.233987)",45.154508,-93.233987
180,Play It Again Sports,Buffalo,MINNESOTA,"Play It Again Sports, Buffalo, MINNESOTA",https://www.playitagainsports.com/locations/buffalo-mn,"(45.1887574, -93.87791899999999)",45.1887574,-93.87791899999999
181,Play It Again Sports,Burnsville,MINNESOTA,"Play It Again Sports, Burnsville, MINNESOTA",https://www.playitagainsports.com/locations/burnsville-mn,"(44.75040430000001, -93.28630059999999)",44.75040430000001,-93.28630059999999
182,Play It Again Sports,Chaska,MINNESOTA,"Play It Again Sports, Chaska, MINNESOTA",https://www.playitagainsports.com/locations/chaska-mn,"(44.828849, -93.59825990000002)",44.828849,-93.59825990000002
183,Play It Again Sports,Duluth,MINNESOTA,"Play It Again Sports, Duluth, MINNESOTA",https://www.playitagainsports.com/locations/duluth-mn,"(46.8212883, -92.0970067)",46.8212883,-92.0970067
184,Play It Again Sports,Eagan,MINNESOTA,"Play It Again Sports, Eagan, MINNESOTA",https://www.playitagainsports.com/locations/eagan-mn,"(44.8317413, -93.1574249)",44.8317413,-93.1574249
185,Play It Again Sports,Elk River,MINNESOTA,"Play It Again Sports, Elk River, MINNESOTA",https://www.playitagainsports.com/locations/elk-river-mn,"(45.3201996, -93.5606561)",45.3201996,-93.5606561
186,Play It Again Sports,Mankato,MINNESOTA,"Play It Again Sports, Mankato, MINNESOTA",https://www.playitagainsports.com/locations/mankato-mn,"(44.167608, -93.9610373)",44.167608,-93.9610373
187,Play It Again Sports,Minnetonka,MINNESOTA,"Play It Again Sports, Minnetonka, MINNESOTA",https://www.playitagainsports.com/locations/minnetonka-mn,"(44.9337903, -93.4234073)",44.9337903,-93.4234073
188,Play It Again Sports,Roseville,MINNESOTA,"Play It Again Sports, Roseville, MINNESOTA",https://www.playitagainsports.com/locations/roseville-mn,"(45.0183595, -93.1777589)",45.0183595,-93.1777589
189,Play It Again Sports,St. Cloud,MINNESOTA,"Play It Again Sports, St. Cloud, MINNESOTA",https://www.playitagainsports.com/locations/waite-park-mn,"(45.5526722, -94.21780919999999)",45.5526722,-94.21780919999999
190,Play It Again Sports,St. Paul x2,MINNESOTA,"Play It Again Sports, St. Paul x2, MINNESOTA",https://www.playitagainsports.com/locations/st-paul-mn,"(44.9459127, -93.1672282)",44.9459127,-93.1672282
191,Play It Again Sports,Woodbury,MINNESOTA,"Play It Again Sports, Woodbury, MINNESOTA",https://www.playitagainsports.com/locations/woodbury-mn,"(44.9250498, -92.97172800000001)",44.9250498,-92.97172800000001
192,Play It Again Sports,Hattiesburg,MISSISSIPPI,"Play It Again Sports, Hattiesburg, MISSISSIPPI",https://www.playitagainsports.com/locations/hattiesburg-ms,"(31.32352, -89.353819)",31.32352,-89.353819
193,Old Mountain Gear Exchange,St. Louis,MISSOURI,"Old Mountain Gear Exchange, St. Louis, MISSOURI",https://oldmountainsx.com/,"(38.6042307, -90.33800649999999)",38.6042307,-90.33800649999999
194,Play It Again Sports,Arnold,MISSOURI,"Play It Again Sports, Arnold, MISSOURI",https://www.playitagainsports.com/locations/arnold-mo,"(38.4462871, -90.376161)",38.4462871,-90.376161
195,Play It Again Sports,Columbia,MISSOURI,"Play It Again Sports, Columbia, MISSOURI",https://www.playitagainsports.com/locations/columbia-mo,"(38.966598, -92.3564785)",38.966598,-92.3564785
196,Play It Again Sports,Kirkwood,MISSOURI,"Play It Again Sports, Kirkwood, MISSOURI",https://www.playitagainsports.com/locations/kirkwood-mo,"(38.5996277, -90.4111745)",38.5996277,-90.4111745
197,Play It Again Sports,Springfield,MISSOURI,"Play It Again Sports, Springfield, MISSOURI",https://www.playitagainsports.com/locations/springfield-mo,"(37.15864699999999, -93.274314)",37.15864699999999,-93.274314
198,Play It Again Sports,St. Peters,MISSOURI,"Play It Again Sports, St. Peters, MISSOURI",https://www.playitagainsports.com/locations/st-peters-mo,"(38.792648, -90.61877899999999)",38.792648,-90.61877899999999
199,Second Wind Sports Inc.,Bozeman,MONTANA,"Second Wind Sports Inc., Bozeman, MONTANA",https://www.facebook.com/Second-Wind-Sports-126023990748507/,"(45.6775453, -111.0380276)",45.6775453,-111.0380276
200,Replay Sports,Kalispell,MONTANA,"Replay Sports, Kalispell, MONTANA",https://www.facebook.com/ReplaySportsKalispell/,"(48.2397894, -114.2757943)",48.2397894,-114.2757943
201,The Sports Exchange,Missoula,MONTANA,"The Sports Exchange, Missoula, MONTANA",https://www.facebook.com/Sportexchangemissoula/,"(46.8668804, -113.9980236)",46.8668804,-113.9980236
202,Recycled ActiveWear,Missoula,MONTANA,"Recycled ActiveWear, Missoula, MONTANA",https://www.facebook.com/recycledactivewear/,"(46.867192, -114.0167261)",46.867192,-114.0167261
203,Runner Up Sports,Whitefish,MONTANA,"Runner Up Sports, Whitefish, MONTANA",https://www.facebook.com/pages/Runner-Up-Sports/461852113946178,"(48.41173089999999, -114.3359249)",48.41173089999999,-114.3359249
204,Woods and Water Apparel and Consignment,Whitefish,MONTANA,"Woods and Water Apparel and Consignment, Whitefish, MONTANA",https://www.facebook.com/woodsandwaterwf/,"(48.4106373, -114.3352652)",48.4106373,-114.3352652
205,Play It Again Sports,Billings,MONTANA,"Play It Again Sports, Billings, MONTANA",https://www.playitagainsports.com/locations/billings-mt,"(45.7798802, -108.5758856)",45.7798802,-108.5758856
206,Play It Again Sports,Bozeman,MONTANA,"Play It Again Sports, Bozeman, MONTANA",https://www.playitagainsports.com/locations/bozeman-mt,"(45.6943045, -111.0565988)",45.6943045,-111.0565988
207,Play It Again Sports,Helena,MONTANA,"Play It Again Sports, Helena, MONTANA",https://www.playitagainsports.com/locations/helena-mt,"(46.6194486, -112.0221047)",46.6194486,-112.0221047
208,Play It Again Sports,Grand Island,NEBRASKA,"Play It Again Sports, Grand Island, NEBRASKA",https://www.playitagainsports.com/locations/grand-island-ne,"(40.9434276, -98.37975940000001)",40.9434276,-98.37975940000001
209,Play It Again Sports,Lincoln,NEBRASKA,"Play It Again Sports, Lincoln, NEBRASKA",https://www.playitagainsports.com/locations/lincoln-ne,"(40.821056, -96.653134)",40.821056,-96.653134
210,Play It Again Sports,Omaha,NEBRASKA,"Play It Again Sports, Omaha, NEBRASKA",https://www.playitagainsports.com/locations/omaha-ne,"(41.2333556, -96.04650769999999)",41.2333556,-96.04650769999999
211,Gear Hut,Reno,NEVADA,"Gear Hut, Reno, NEVADA",https://www.gearhutreno.com/,"(39.5134556, -119.8037872)",39.5134556,-119.8037872
212,Play It Again Sports,Carson City,NEVADA,"Play It Again Sports, Carson City, NEVADA",https://www.playitagainsports.com/locations/carson-city-nv,"(39.1085234, -119.7766224)",39.1085234,-119.7766224
213,Play It Again Sports,Las Vegas,NEVADA,"Play It Again Sports, Las Vegas, NEVADA",https://www.playitagainsports.com/locations/las-vegas-nv-summerlin,"(36.1128783, -115.3106588)",36.1128783,-115.3106588
214,2nd Wind Sporting Goods,Keene,NEW HAMPSHIRE,"2nd Wind Sporting Goods, Keene, NEW HAMPSHIRE",https://2ndwindsports.business.site/,"(42.9260915, -72.26900309999999)",42.9260915,-72.26900309999999
215,International Mountain Equipment,North Conway,NEW HAMPSHIRE,"International Mountain Equipment, North Conway, NEW HAMPSHIRE",https://www.ime-usa.com/ime/,"(44.0542132, -71.1285029)",44.0542132,-71.1285029
216,Play It Again Sports,Portsmouth,NEW HAMPSHIRE,"Play It Again Sports, Portsmouth, NEW HAMPSHIRE",https://www.playitagainsports.com/locations/portsmouth-nh,"(43.0445827, -70.7741863)",43.0445827,-70.7741863
217,Play It Again Sports,Deptford,NEW JERSEY,"Play It Again Sports, Deptford, NEW JERSEY",https://www.playitagainsports.com/locations/deptford-nj,"(39.83111110000001, -75.1116667)",39.83111110000001,-75.1116667
218,Outdoor Regear,Albuquerque,NEW MEXICO,"Outdoor Regear, Albuquerque, NEW MEXICO",http://outdoorregear.com/,"(35.1281, -106.622484)",35.1281,-106.622484
219,Re-Threads for Gear Heads,Taos,NEW MEXICO,"Re-Threads for Gear Heads, Taos, NEW MEXICO",https://rethreadstaos.com/Gear_heads.html,"(36.4026291, -105.5751062)",36.4026291,-105.5751062
220,Rerouted Coop,Taos (well they started in Taos but are actually an online used gear service to give shops the tools to sell online to a wider audience. Re-Threads was their first partner.),NEW MEXICO,"Rerouted Coop, Taos (well they started in Taos but are actually an online used gear service to give shops the tools to sell online to a wider audience. Re-Threads was their first partner.), NEW MEXICO",https://reroutedcoop.com,"(36.4119569, -105.5693926)",36.4119569,-105.5693926
221,Play It Again Sports,Albuquerque x2,NEW MEXICO,"Play It Again Sports, Albuquerque x2, NEW MEXICO",https://www.playitagainsports.com/locations/albuquerque-nm-northeast-heights,"(35.1196431, -106.7032357)",35.1196431,-106.7032357
222,Play It Again Sports,Las Cruces,NEW MEXICO,"Play It Again Sports, Las Cruces, NEW MEXICO",https://www.playitagainsports.com/locations/las-cruces-nm,"(32.3097712, -106.7680192)",32.3097712,-106.7680192
223,Old Goat Gear Exchange,Ithaca,NEW YORK,"Old Goat Gear Exchange, Ithaca, NEW YORK",https://oldgoatgearexchange.com/,"(42.439711, -76.494962)",42.439711,-76.494962
224,Play It Again Sports,Latham,NEW YORK,"Play It Again Sports, Latham, NEW YORK",https://www.playitagainsports.com/locations/latham-ny,"(42.7623952, -73.7977354)",42.7623952,-73.7977354
225,Play It Again Sports,Massapequa,NEW YORK,"Play It Again Sports, Massapequa, NEW YORK",https://www.playitagainsports.com/locations/massapequa-ny,"(40.6805567, -73.4308946)",40.6805567,-73.4308946
226,Play It Again Sports,New Hartford,NEW YORK,"Play It Again Sports, New Hartford, NEW YORK",https://www.playitagainsports.com/locations/new-hartford-ny,"(43.09483420000001, -75.3049331)",43.09483420000001,-75.3049331
227,Play It Again Sports,North Syracuse,NEW YORK,"Play It Again Sports, North Syracuse, NEW YORK",https://www.playitagainsports.com/locations/north-syracuse-ny,"(43.05535099999999, -76.0727772)",43.05535099999999,-76.0727772
228,Play It Again Sports,Oceanside,NEW YORK,"Play It Again Sports, Oceanside, NEW YORK",https://www.playitagainsports.com/locations/oceanside-ny,"(40.6398196, -73.6415595)",40.6398196,-73.6415595
229,Play It Again Sports,Plattsburgh,NEW YORK,"Play It Again Sports, Plattsburgh, NEW YORK",https://www.playitagainsports.com/locations/plattsburgh-ny,"(44.6989467, -73.47640009999999)",44.6989467,-73.47640009999999
230,Play It Again Sports,Rochester,NEW YORK,"Play It Again Sports, Rochester, NEW YORK",https://www.playitagainsports.com/locations/rochester-ny,"(43.0889102, -77.6452541)",43.0889102,-77.6452541
231,Second Gear,Asheville,NORTH CAROLINA,"Second Gear, Asheville, NORTH CAROLINA",https://secondgearwnc.com/,"(35.5875986, -82.5687514)",35.5875986,-82.5687514
232,Base Camp BE,Banner Elk,NORTH CAROLINA,"Base Camp BE, Banner Elk, NORTH CAROLINA",https://www.facebook.com/BaseCampBE/,"(36.1601785, -81.8699723)",36.1601785,-81.8699723
233,Regear Outdoors,Boone,NORTH CAROLINA,"Regear Outdoors, Boone, NORTH CAROLINA",http://regearnc.com/,"(36.2174826, -81.6861646)",36.2174826,-81.6861646
234,Next Venture Outdoors,Brevard,NORTH CAROLINA,"Next Venture Outdoors, Brevard, NORTH CAROLINA",http://www.nextventureoutdoors.com/,"(35.2355461, -82.7326431)",35.2355461,-82.7326431
235,Gear Goat XCHG,Charlotte,NORTH CAROLINA,"Gear Goat XCHG, Charlotte, NORTH CAROLINA",https://geargoatx.com/,"(35.2204222, -80.81698449999999)",35.2204222,-80.81698449999999
236,Play It Again Sports,Asheville,NORTH CAROLINA,"Play It Again Sports, Asheville, NORTH CAROLINA",https://www.playitagainsports.com/locations/asheville-nc,"(35.5863902, -82.5095607)",35.5863902,-82.5095607
237,Play It Again Sports,Burlington,NORTH CAROLINA,"Play It Again Sports, Burlington, NORTH CAROLINA",https://www.playitagainsports.com/locations/burlington-nc,"(36.0803651, -79.5065867)",36.0803651,-79.5065867
238,Play It Again Sports,Cary,NORTH CAROLINA,"Play It Again Sports, Cary, NORTH CAROLINA",https://www.playitagainsports.com/locations/cary-nc,"(35.759972, -78.7359228)",35.759972,-78.7359228
239,Play It Again Sports,Charlotte,NORTH CAROLINA,"Play It Again Sports, Charlotte, NORTH CAROLINA",https://www.playitagainsports.com/locations/charlotte-nc,"(35.08843220000001, -80.86343289999999)",35.08843220000001,-80.86343289999999
240,Play It Again Sports,Durham,NORTH CAROLINA,"Play It Again Sports, Durham, NORTH CAROLINA",https://www.playitagainsports.com/locations/durham-nc,"(35.9554877, -78.9933762)",35.9554877,-78.9933762
241,Play It Again Sports,Fayetteville,NORTH CAROLINA,"Play It Again Sports, Fayetteville, NORTH CAROLINA",https://www.playitagainsports.com/locations/fayetteville-nc,"(35.065732, -78.953288)",35.065732,-78.953288
242,Play It Again Sports,Greensboro,NORTH CAROLINA,"Play It Again Sports, Greensboro, NORTH CAROLINA",https://www.playitagainsports.com/locations/greensboro-nc,"(36.113731, -79.836165)",36.113731,-79.836165
243,Play It Again Sports,Greenville,NORTH CAROLINA,"Play It Again Sports, Greenville, NORTH CAROLINA",https://www.playitagainsports.com/locations/greenville-nc,"(35.5723323, -77.4071811)",35.5723323,-77.4071811
244,Play It Again Sports,Holly Springs,NORTH CAROLINA,"Play It Again Sports, Holly Springs, NORTH CAROLINA",https://www.playitagainsports.com/locations/holly-springs-nc,"(35.6554366, -78.83586140000001)",35.6554366,-78.83586140000001
245,Play It Again Sports,Mooresville,NORTH CAROLINA,"Play It Again Sports, Mooresville, NORTH CAROLINA",https://www.playitagainsports.com/locations/mooresville-nc,"(35.60037490000001, -80.8129869)",35.60037490000001,-80.8129869
246,Play It Again Sports,Raleigh,NORTH CAROLINA,"Play It Again Sports, Raleigh, NORTH CAROLINA",https://www.playitagainsports.com/locations/raleigh-nc,"(35.8696367, -78.6230594)",35.8696367,-78.6230594
247,Play It Again Sports,Wilmington,NORTH CAROLINA,"Play It Again Sports, Wilmington, NORTH CAROLINA",https://www.playitagainsports.com/locations/wilmington-nc,"(34.1784358, -77.8918303)",34.1784358,-77.8918303
248,Play It Again Sports,Winston-Salem,NORTH CAROLINA,"Play It Again Sports, Winston-Salem, NORTH CAROLINA",https://www.playitagainsports.com/locations/winston-salem-nc,"(36.0851666, -80.3487997)",36.0851666,-80.3487997
249,Play It Again Sports,Fargo,NORTH DAKOTA,"Play It Again Sports, Fargo, NORTH DAKOTA",https://www.playitagainsports.com/locations/fargo-nd,"(46.8415201, -96.8625094)",46.8415201,-96.8625094
250,Play It Again Sports,Grand Forks,NORTH DAKOTA,"Play It Again Sports, Grand Forks, NORTH DAKOTA",https://www.playitagainsports.com/locations/grand-forks-nd,"(47.902053, -97.04799430000001)",47.902053,-97.04799430000001
251,Play It Again Sports,Canton,OHIO,"Play It Again Sports, Canton, OHIO",https://www.playitagainsports.com/locations/canton-oh,"(40.8541966, -81.4251895)",40.8541966,-81.4251895
252,Play It Again Sports,Centerville,OHIO,"Play It Again Sports, Centerville, OHIO",https://www.playitagainsports.com/locations/centerville-oh,"(39.6458386, -84.1529637)",39.6458386,-84.1529637
253,Play It Again Sports,Cincinnati x3,OHIO,"Play It Again Sports, Cincinnati x3, OHIO",https://www.playitagainsports.com/locations/cincinnati-oh-kings-auto-mall,"(39.153638, -84.40375499999999)",39.153638,-84.40375499999999
254,Play It Again Sports,Columbus x2,OHIO,"Play It Again Sports, Columbus x2, OHIO",https://www.playitagainsports.com/locations/columbus-oh-east,"(39.9533337, -82.8370754)",39.9533337,-82.8370754
255,Play It Again Sports,Cuyahoga Falls,OHIO,"Play It Again Sports, Cuyahoga Falls, OHIO",https://www.playitagainsports.com/locations/cuyahoga-falls-oh,"(41.120263, -81.474705)",41.120263,-81.474705
256,Play It Again Sports,Hilliard,OHIO,"Play It Again Sports, Hilliard, OHIO",https://www.playitagainsports.com/locations/hilliard-oh,"(40.033055, -83.1425196)",40.033055,-83.1425196
257,Play It Again Sports,Lyndhurst,OHIO,"Play It Again Sports, Lyndhurst, OHIO",https://www.playitagainsports.com/locations/lyndhurst-oh,"(41.5206104, -81.4831079)",41.5206104,-81.4831079
258,Play It Again Sports,North Olmsted,OHIO,"Play It Again Sports, North Olmsted, OHIO",https://www.playitagainsports.com/locations/north-olmsted-oh,"(41.4205589, -81.901123)",41.4205589,-81.901123
259,Play It Again Sports,Springdale,OHIO,"Play It Again Sports, Springdale, OHIO",https://www.playitagainsports.com/locations/springdale-oh,"(39.2915472, -84.4679929)",39.2915472,-84.4679929
260,Play It Again Sports,Toledo,OHIO,"Play It Again Sports, Toledo, OHIO",https://www.playitagainsports.com/locations/toledo-oh,"(41.7019611, -83.6577464)",41.7019611,-83.6577464
261,Play It Again Sports,Twinsburg,OHIO,"Play It Again Sports, Twinsburg, OHIO",https://www.playitagainsports.com/locations/twinsburg-oh,"(41.307251, -81.44188989999999)",41.307251,-81.44188989999999
262,Play It Again Sports,West Chester,OHIO,"Play It Again Sports, West Chester, OHIO",https://www.playitagainsports.com/locations/cincinnati-oh-west-chester%20,"(39.3559835, -84.3636221)",39.3559835,-84.3636221
263,Play It Again Sports,Westerville,OHIO,"Play It Again Sports, Westerville, OHIO",https://www.playitagainsports.com/locations/westerville-oh,"(40.1444925, -82.9228643)",40.1444925,-82.9228643
264,Pay It Again Sports,Norman,OKLAHOMA,"Pay It Again Sports, Norman, OKLAHOMA",https://www.playitagainsports.com/locations/norman-ok,"(35.2199888, -97.47418909999999)",35.2199888,-97.47418909999999
265,Pay It Again Sports,Shawnee,OKLAHOMA,"Pay It Again Sports, Shawnee, OKLAHOMA",https://www.playitagainsports.com/locations/shawnee-ok,"(35.3755556, -96.9286111)",35.3755556,-96.9286111
266,Pay It Again Sports,Tulsa,OKLAHOMA,"Pay It Again Sports, Tulsa, OKLAHOMA",https://www.playitagainsports.com/locations/tulsa-ok,"(36.0339929, -95.88391399999999)",36.0339929,-95.88391399999999
267,Get ‘N Gear,Ashland,OREGON,"Get ‘N Gear, Ashland, OREGON",https://www.facebook.com/Get-N-Gear-371717412904171/,"(42.19823299999999, -122.7087537)",42.19823299999999,-122.7087537
268,Get ‘N Gear,Medford,OREGON,"Get ‘N Gear, Medford, OREGON",https://www.facebook.com/pages/category/Outdoor-Equipment-Store/Get-n-Gear-Medford-707705969425374/,"(42.19823299999999, -122.7087537)",42.19823299999999,-122.7087537
269,The Gear Fix,Bend,OREGON,"The Gear Fix, Bend, OREGON",http://gearfix.com/,"(44.0509619, -121.314901)",44.0509619,-121.314901
270,TruNorthwest Gear Exchange,Bend,OREGON,"TruNorthwest Gear Exchange, Bend, OREGON",https://trunorthwest.com/,,,
271,Peak Sports Outdoor Shop,Corvallis,OREGON,"Peak Sports Outdoor Shop, Corvallis, OREGON",https://www.peaksportscorvallis.com/,"(44.565228, -123.258841)",44.565228,-123.258841
272,2nd Wind Sports,Hood River,OREGON,"2nd Wind Sports, Hood River, OREGON",https://2ndwind-sports.com/,"(45.7082972, -121.5126165)",45.7082972,-121.5126165
273,Eugene Gear Traders,Eugene,OREGON,"Eugene Gear Traders, Eugene, OREGON",https://www.eugenegeartraders.com/,"(44.0545783, -123.096374)",44.0545783,-123.096374
274,Next Adventure﻿,Portland,OREGON,"Next Adventure﻿, Portland, OREGON",https://nextadventure.net/bargain-basement,"(45.5194848, -122.6604253)",45.5194848,-122.6604253
275,Next Adventure﻿,Sandy,OREGON,"Next Adventure﻿, Sandy, OREGON",https://nextadventure.net/bargain-basement,"(45.3966833, -122.2675556)",45.3966833,-122.2675556
276,Play It Again Sports,Beaverton,OREGON,"Play It Again Sports, Beaverton, OREGON",https://www.playitagainsports.com/locations/beaverton-or,"(45.4855133, -122.7722088)",45.4855133,-122.7722088
277,Play It Again Sports,Corvallis,OREGON,"Play It Again Sports, Corvallis, OREGON",https://www.playitagainsports.com/locations/corvallis-or,"(44.580732, -123.260023)",44.580732,-123.260023
278,Play It Again Sports,Eugene,OREGON,"Play It Again Sports, Eugene, OREGON",https://www.playitagainsports.com/locations/eugene-or,"(44.030033, -123.0911278)",44.030033,-123.0911278
279,Recyclist Unlimited,Doylestown (the closest option for finding used climb and ski gear Philadelphia),PENNSYLVANIA,"Recyclist Unlimited, Doylestown (the closest option for finding used climb and ski gear Philadelphia), PENNSYLVANIA",https://recyclistunlimited.com/,"(40.3501092, -75.16639839999999)",40.3501092,-75.16639839999999
280,3 Rivers Outdoor Co.,Pittsburgh,PENNSYLVANIA,"3 Rivers Outdoor Co., Pittsburgh, PENNSYLVANIA",https://3riversoutdoor.com/used-gear,"(40.4319146, -79.89366369999999)",40.4319146,-79.89366369999999
281,Play It Again Sports,Berwyn,PENNSYLVANIA,"Play It Again Sports, Berwyn, PENNSYLVANIA",https://www.playitagainsports.com/locations/berwyn-pa,"(40.0444952, -75.44786409999999)",40.0444952,-75.44786409999999
282,Play It Again Sports,Greensburg,PENNSYLVANIA,"Play It Again Sports, Greensburg, PENNSYLVANIA",https://www.playitagainsports.com/locations/greensburg-pa,"(40.3076899, -79.5773926)",40.3076899,-79.5773926
283,Play It Again Sports,Lancaster,PENNSYLVANIA,"Play It Again Sports, Lancaster, PENNSYLVANIA",https://www.playitagainsports.com/locations/lancaster-pa,"(40.075397, -76.32890320000001)",40.075397,-76.32890320000001
284,2nd Time Around Sports,Cranston,RHODE ISLAND,"2nd Time Around Sports, Cranston, RHODE ISLAND",https://www.2ndtimearoundsports.com/,"(41.78834920000001, -71.4717728)",41.78834920000001,-71.4717728
285,Play It Again Sports,Columbia,SOUTH CAROLINA,"Play It Again Sports, Columbia, SOUTH CAROLINA",https://www.playitagainsports.com/locations/columbia-sc,"(34.0694205, -81.15342989999999)",34.0694205,-81.15342989999999
286,Play It Again Sports,Greenville,SOUTH CAROLINA,"Play It Again Sports, Greenville, SOUTH CAROLINA",https://www.playitagainsports.com/locations/greenville-sc,"(34.848131, -82.337372)",34.848131,-82.337372
287,Play It Again Sports,Mount Pleasant,SOUTH CAROLINA,"Play It Again Sports, Mount Pleasant, SOUTH CAROLINA",https://www.playitagainsports.com/locations/mount-pleasant-sc,"(32.8107376, -79.8652877)",32.8107376,-79.8652877
288,Play It Again Sports,Rock Hill,SOUTH CAROLINA,"Play It Again Sports, Rock Hill, SOUTH CAROLINA",https://www.playitagainsports.com/locations/rock-hill-sc,"(34.9680825, -80.9973524)",34.9680825,-80.9973524
289,Play It Again Sports,Spartanburg,SOUTH CAROLINA,"Play It Again Sports, Spartanburg, SOUTH CAROLINA",https://www.playitagainsports.com/locations/spartanburg-sc,"(34.9213471, -81.9858822)",34.9213471,-81.9858822
290,Play It Again Sports,Rapid City,SOUTH DAKOTA,"Play It Again Sports, Rapid City, SOUTH DAKOTA",https://www.playitagainsports.com/locations/rapid-city-sd,"(44.08970069999999, -103.201388)",44.08970069999999,-103.201388
291,Play It Again Sports,Sioux Falls,SOUTH DAKOTA,"Play It Again Sports, Sioux Falls, SOUTH DAKOTA",https://www.playitagainsports.com/locations/sioux-falls-sd,"(43.512011, -96.750518)",43.512011,-96.750518
292,Four Bridges Outfitters,Chattanooga,TENNESSEE,"Four Bridges Outfitters, Chattanooga, TENNESSEE",http://www.fourbridgesoutfitters.com/,"(35.0653805, -85.3091925)",35.0653805,-85.3091925
293,The Gear Closet,Chattanooga,TENNESSEE,"The Gear Closet, Chattanooga, TENNESSEE",https://gearcloset.org/,"(35.0546432, -85.28159600000001)",35.0546432,-85.28159600000001
294,Outdoor Gear Revival,Knoxville,TENNESSEE,"Outdoor Gear Revival, Knoxville, TENNESSEE",https://outdoorgearrevivalknox.com/,"(35.9337437, -83.9970591)",35.9337437,-83.9970591
295,Orbital Outdoors,Nashville,TENNESSEE,"Orbital Outdoors, Nashville, TENNESSEE",https://www.orbitalclimbing.com/,,,
296,Play It Again Sports,Brentwood,TENNESSEE,"Play It Again Sports, Brentwood, TENNESSEE",https://www.playitagainsports.com/locations/brentwood-tn,"(35.965716, -86.81490939999999)",35.965716,-86.81490939999999
297,Play It Again Sports,Clarksville,TENNESSEE,"Play It Again Sports, Clarksville, TENNESSEE",https://www.playitagainsports.com/locations/clarksville-tn,"(36.5885797, -87.2952396)",36.5885797,-87.2952396
298,Play It Again Sports,Hendersonville,TENNESSEE,"Play It Again Sports, Hendersonville, TENNESSEE",https://www.playitagainsports.com/locations/hendersonville-tn,"(36.3193501, -86.5972269)",36.3193501,-86.5972269
299,Play It Again Sports,Knoxville,TENNESSEE,"Play It Again Sports, Knoxville, TENNESSEE",https://www.playitagainsports.com/locations/knoxville-tn,"(35.9111858, -84.1002808)",35.9111858,-84.1002808
300,Play It Again Sports,Murfreesboro,TENNESSEE,"Play It Again Sports, Murfreesboro, TENNESSEE",https://www.playitagainsports.com/locations/murfreesboro-tn,"(35.8566473, -86.4295581)",35.8566473,-86.4295581
301,Play It Again Sports,Nashville,TENNESSEE,"Play It Again Sports, Nashville, TENNESSEE",https://www.playitagainsports.com/locations/nashville-tn,"(36.0769541, -86.9489977)",36.0769541,-86.9489977
302,Play It Again Sports,Austin x2,TEXAS,"Play It Again Sports, Austin x2, TEXAS",https://www.playitagainsports.com/locations/austin-tx-north,"(30.35902789999999, -97.7391281)",30.35902789999999,-97.7391281
303,Play It Again Sports,Cedar Park,TEXAS,"Play It Again Sports, Cedar Park, TEXAS",https://www.playitagainsports.com/locations/cedar-park-tx,"(30.4706353, -97.79956159999999)",30.4706353,-97.79956159999999
304,Play It Again Sports,McKinney,TEXAS,"Play It Again Sports, McKinney, TEXAS",https://www.playitagainsports.com/locations/mckinney-tx,"(33.2110525, -96.6362663)",33.2110525,-96.6362663
305,Play It Again Sports,Plano,TEXAS,"Play It Again Sports, Plano, TEXAS",https://www.playitagainsports.com/locations/plano-tx,"(33.02481460000001, -96.7986298)",33.02481460000001,-96.7986298
306,Play It Again Sports,San Antonio,TEXAS,"Play It Again Sports, San Antonio, TEXAS",https://www.playitagainsports.com/locations/san-antonio-tx-north,"(29.5780556, -98.4755556)",29.5780556,-98.4755556
307,The Gear Room﻿,Cottonwood Heights,UTAH,"The Gear Room﻿, Cottonwood Heights, UTAH",https://thegearroomslc.com/,"(40.62136940000001, -111.7978925)",40.62136940000001,-111.7978925
308,Moab Gear Trader,Moab,UTAH,"Moab Gear Trader, Moab, UTAH",https://moabgeartrader.com/,"(38.5689019, -109.5512413)",38.5689019,-109.5512413
309,Switchback Sports,Park City,UTAH,"Switchback Sports, Park City, UTAH",https://www.switchbacksports.com/,"(40.657071, -111.504397)",40.657071,-111.504397
310,Gear Rush,Salt Lake City,UTAH,"Gear Rush, Salt Lake City, UTAH",http://gearrush.com/,"(40.7199067, -111.8927001)",40.7199067,-111.8927001
311,Play It Again Sports,Orem,UTAH,"Play It Again Sports, Orem, UTAH",https://www.playitagainsports.com/locations/orem-ut,"(40.314098, -111.701838)",40.314098,-111.701838
312,Play It Again Sports,Salt Lake City x2,UTAH,"Play It Again Sports, Salt Lake City x2, UTAH",https://www.playitagainsports.com/locations/salt-lake-city-ut-sugar-house,"(40.7250094, -111.871709)",40.7250094,-111.871709
313,Outdoor Gear Exchange,Burlington,VERMONT,"Outdoor Gear Exchange, Burlington, VERMONT",https://bit.ly/389yclA,"(44.4790418, -73.2132079)",44.4790418,-73.2132079
314,Gear Traders,Woodstock,VERMONT,"Gear Traders, Woodstock, VERMONT",https://geartradersvt.com/,"(43.625106, -72.5187419)",43.625106,-72.5187419
315,Play It Again Sports,Burlington,VERMONT,"Play It Again Sports, Burlington, VERMONT",https://www.playitagainsports.com/locations/south-burlington-vt,"(44.4647166, -73.1790556)",44.4647166,-73.1790556
316,Second Ascent Outdoor Gear Consignment,Arlington,VIRGINIA,"Second Ascent Outdoor Gear Consignment, Arlington, VIRGINIA",http://www.secondascentconsignment.com/,"(38.8811027, -77.090296)",38.8811027,-77.090296
317,High Tor Gear Exchange﻿,Charlottesville,VIRGINIA,"High Tor Gear Exchange﻿, Charlottesville, VIRGINIA",https://www.hightorgearexchange.com/,"(38.0409335, -78.4781769)",38.0409335,-78.4781769
318,Roanoke Mountain Adventures,Roanoke,VIRGINIA,"Roanoke Mountain Adventures, Roanoke, VIRGINIA",https://roanokemountainadventures.com/,"(37.2635185, -79.9570506)",37.2635185,-79.9570506
319,Play It Again Sports,Charlottesville,VIRGINIA,"Play It Again Sports, Charlottesville, VIRGINIA",https://www.playitagainsports.com/locations/charlottesville-va,"(38.0881561, -78.4695864)",38.0881561,-78.4695864
320,Play It Again Sports,Chesapeake,VIRGINIA,"Play It Again Sports, Chesapeake, VIRGINIA",https://www.playitagainsports.com/locations/chesapeake-va,"(36.7694249, -76.2306691)",36.7694249,-76.2306691
321,Play It Again Sports,Fredericksburg,VIRGINIA,"Play It Again Sports, Fredericksburg, VIRGINIA",https://www.playitagainsports.com/locations/fredericksburg-va,"(38.3051513, -77.4822477)",38.3051513,-77.4822477
322,Play It Again Sports,Leesburg,VIRGINIA,"Play It Again Sports, Leesburg, VIRGINIA",https://www.playitagainsports.com/locations/leesburg-va,"(39.1115444, -77.5533506)",39.1115444,-77.5533506
323,Play It Again Sports,Lynchburg,VIRGINIA,"Play It Again Sports, Lynchburg, VIRGINIA",https://www.playitagainsports.com/locations/lynchburg-va,"(37.387782, -79.240932)",37.387782,-79.240932
324,Play It Again Sports,Newport News,VIRGINIA,"Play It Again Sports, Newport News, VIRGINIA",https://www.playitagainsports.com/locations/newport-news-va,"(37.1084228, -76.4920812)",37.1084228,-76.4920812
325,Play It Again Sports,Richmond,VIRGINIA,"Play It Again Sports, Richmond, VIRGINIA",https://www.playitagainsports.com/locations/richmond-va,"(37.6249945, -77.5303607)",37.6249945,-77.5303607
326,Play It Again Sports,Roanoke,VIRGINIA,"Play It Again Sports, Roanoke, VIRGINIA",https://www.playitagainsports.com/locations/roanoke-va,"(37.225952, -79.98252600000001)",37.225952,-79.98252600000001
327,Play It Again Sports,Virginia Beach,VIRGINIA,"Play It Again Sports, Virginia Beach, VIRGINIA",https://www.playitagainsports.com/locations/virginia-beach-va,"(36.7725167, -76.0850394)",36.7725167,-76.0850394
328,Backcountry Essentials,Bellingham,WASHINGTON,"Backcountry Essentials, Bellingham, WASHINGTON",https://www.backcountryessentials.net/,"(48.7510213, -122.480791)",48.7510213,-122.480791
329,Superior Seconds Gear Exchange,Issaquah,WASHINGTON,"Superior Seconds Gear Exchange, Issaquah, WASHINGTON",http://www.superiorseconds.org/,"(47.5290487, -122.0355085)",47.5290487,-122.0355085
330,Disco Bay Outdoor Exchange,Jefferson County,WASHINGTON,"Disco Bay Outdoor Exchange, Jefferson County, WASHINGTON",https://www.discobayoutdoorexchange.com/,"(47.9902376, -122.8907611)",47.9902376,-122.8907611
331,Olympia Gear Exchange,Olympia,WASHINGTON,"Olympia Gear Exchange, Olympia, WASHINGTON",https://www.facebook.com/olygearexchange/,"(47.044953, -122.9021192)",47.044953,-122.9021192
332,Ascent Outdoors,Seattle,WASHINGTON,"Ascent Outdoors, Seattle, WASHINGTON",https://ascentoutdoors.com/,"(47.66561309999999, -122.3826644)",47.66561309999999,-122.3826644
333,Second Gear Sports,Seattle,WASHINGTON,"Second Gear Sports, Seattle, WASHINGTON",https://www.secondgearsports.com/,"(47.54392, -122.3874308)",47.54392,-122.3874308
334,Turntables & Trails,Seattle,WASHINGTON,"Turntables & Trails, Seattle, WASHINGTON",https://www.seattlestereo.com/,"(47.6895226, -122.3658132)",47.6895226,-122.3658132
335,Wonderland Gear Exchange,Seattle,WASHINGTON,"Wonderland Gear Exchange, Seattle, WASHINGTON",https://wonderlandgearexchange.com/,"(47.6534203, -122.3585935)",47.6534203,-122.3585935
336,RambleRaven Sports,Spokane,WASHINGTON,"RambleRaven Sports, Spokane, WASHINGTON",,"(47.68837389999999, -117.4107867)",47.68837389999999,-117.4107867
337,Playback Sports,Tacoma,WASHINGTON,"Playback Sports, Tacoma, WASHINGTON",https://playback-sports.com/,"(47.2717397, -122.4883955)",47.2717397,-122.4883955
338,Play It Again Sports,Lynnwood,WASHINGTON,"Play It Again Sports, Lynnwood, WASHINGTON",https://www.playitagainsports.com/locations/lynnwood-wa,"(47.8445312, -122.2947477)",47.8445312,-122.2947477
339,Play It Again Sports,Renton,WASHINGTON,"Play It Again Sports, Renton, WASHINGTON",https://www.playitagainsports.com/locations/renton-wa,"(47.4444045, -122.1961091)",47.4444045,-122.1961091
340,Play It Again Sports,Seattle,WASHINGTON,"Play It Again Sports, Seattle, WASHINGTON",https://www.playitagainsports.com/locations/seattle-wa,"(47.6186545, -122.3307729)",47.6186545,-122.3307729
341,Play It Again Sports,Spokane,WASHINGTON,"Play It Again Sports, Spokane, WASHINGTON",https://www.playitagainsports.com/locations/spokane-wa,"(47.7164643, -117.4384275)",47.7164643,-117.4384275
342,Play It Again Sports,Vancouver,WASHINGTON,"Play It Again Sports, Vancouver, WASHINGTON",https://www.playitagainsports.com/locations/vancouver-wa,"(45.6650141, -122.554562)",45.6650141,-122.554562
343,Play It Again Sports,Woodinville,WASHINGTON,"Play It Again Sports, Woodinville, WASHINGTON",https://www.playitagainsports.com/locations/woodinville-wa,"(47.7546806, -122.1626139)",47.7546806,-122.1626139
344,Play It Again Sports,Parkersburg,WEST VIRGINIA,"Play It Again Sports, Parkersburg, WEST VIRGINIA",https://www.playitagainsports.com/locations/parkersburg-wv,"(39.2933679, -81.5468729)",39.2933679,-81.5468729
345,Play It Again Sports,Wheeling,WEST VIRGINIA,"Play It Again Sports, Wheeling, WEST VIRGINIA",https://www.playitagainsports.com/locations/wheeling-wv,"(40.041899, -80.6621574)",40.041899,-80.6621574
346,Play It Again Sports,Appleton,WISCONSIN,"Play It Again Sports, Appleton, WISCONSIN",https://www.playitagainsports.com/locations/appleton-wi,"(44.28594640000001, -88.4143764)",44.28594640000001,-88.4143764
347,Play It Again Sports,Eau Claire,WISCONSIN,"Play It Again Sports, Eau Claire, WISCONSIN",https://www.playitagainsports.com/locations/eau-claire-wi,"(44.7848233, -91.4583957)",44.7848233,-91.4583957
348,Play It Again Sports,Green Bay,WISCONSIN,"Play It Again Sports, Green Bay, WISCONSIN",https://www.playitagainsports.com/locations/green-bay-wi,"(44.492701, -88.071546)",44.492701,-88.071546
349,Play It Again Sports,Greenfield,WISCONSIN,"Play It Again Sports, Greenfield, WISCONSIN",https://www.playitagainsports.com/locations/greenfield-wi,"(42.9534349, -88.0050636)",42.9534349,-88.0050636
350,Play It Again Sports,Kenosha,WISCONSIN,"Play It Again Sports, Kenosha, WISCONSIN",https://www.playitagainsports.com/locations/kenosha-wi,"(42.5661441, -87.85698029999999)",42.5661441,-87.85698029999999
351,Play It Again Sports,La Crosse,WISCONSIN,"Play It Again Sports, La Crosse, WISCONSIN",https://www.playitagainsports.com/locations/la-crosse-wi,"(43.87126, -91.19229899999999)",43.87126,-91.19229899999999
352,Play It Again Sports,Madison,WISCONSIN,"Play It Again Sports, Madison, WISCONSIN",https://www.playitagainsports.com/locations/madison-wi-west,"(43.0569995, -89.4949252)",43.0569995,-89.4949252
353,Play It Again Sports,Oshkosh,WISCONSIN,"Play It Again Sports, Oshkosh, WISCONSIN",https://www.playitagainsports.com/locations/oshkosh-wi,"(43.999649, -88.580477)",43.999649,-88.580477
354,Play It Again Sports,Superior,WISCONSIN,"Play It Again Sports, Superior, WISCONSIN",https://www.playitagainsports.com/locations/superior-wi,"(46.7194364, -92.08099659999999)",46.7194364,-92.08099659999999
355,Play It Again Sports,Wauwatosa,WISCONSIN,"Play It Again Sports, Wauwatosa, WISCONSIN",https://www.playitagainsports.com/locations/wauwatosa-wi,"(43.0892091, -88.0884289)",43.0892091,-88.0884289
356,Outdoor Adventures Revived,Cody,WYOMING,"Outdoor Adventures Revived, Cody, WYOMING",https://outdooradventuresrevived.weebly.com/,"(44.5259243, -109.0645252)",44.5259243,-109.0645252
357,Wind River Rewind,Lander,WYOMING,"Wind River Rewind, Lander, WYOMING",https://www.windriverrewind.com/,"(42.8345794, -108.7369842)",42.8345794,-108.7369842
358,Headwall Sports,Jackson Hole,WYOMING,"Headwall Sports, Jackson Hole, WYOMING",http://www.headwallsports.com/#the-basics,"(43.4692547, -110.7911723)",43.4692547,-110.7911723
359,NU2U Sports,Laramie,WYOMING,"NU2U Sports, Laramie, WYOMING",https://www.nu2usports.com/,"(41.309079, -105.595576)",41.309079,-105.595576
360,Wyoming Outdoor Gear Exchange,Riverton,WYOMING,"Wyoming Outdoor Gear Exchange, Riverton, WYOMING",https://wyomingoutdoorgearexchange.com/,"(43.0243718, -108.3875023)",43.0243718,-108.3875023
361,Big Horn Trading LLC,Sheridan,WYOMING,"Big Horn Trading LLC, Sheridan, WYOMING",https://bighorntradingllc.com/,"(44.77528059999999, -106.9418512)",44.77528059999999,-106.9418512
362,Play It Again Sports,Casper,WYOMING,"Play It Again Sports, Casper, WYOMING",https://www.playitagainsports.com/locations/casper-wy,"(42.8473117, -106.2626247)",42.8473117,-106.2626247
